"size","vulnerability","scaled_vulnerability"
6,0.0576065845250641,0
7,0.0733265720526976,0.000454176990446351
8,0.0936573298066127,0.00104156692023703
9,0.120590141174848,0.00181970132969389
10,0.157309175416728,0.00288057624672282
11,0.208827905936005,0.00436903938562356
12,0.282967932240026,0.0065110699667027
13,0.39183498520544,0.0096564230013459
14,0.553940821607533,0.0143399344088117
15,0.797017621480997,0.02136283370945
16,1.1612733790351,0.0318867977665375
17,1.7022322954111,0.047516014530411
18,2.49138503308463,0.0703159699864203
19,3.61194432773856,0.10269082061324
20,5.14686849297998,0.147037372206063
21,7.15811544359563,0.205145693568868
22,9.6603962326651,0.277440811871827
23,12.5981765427966,0.362318246889038
24,15.8376946164777,0.455913395524791
25,19.1824917132213,0.552550232951177
26,22.4111807403123,0.64583251214088
27,25.3251014311444,0.730020602458068
28,27.7884092293697,0.801189725230863
29,29.7473693087432,0.857787390571911
30,31.2258683980899,0.900503726421208
31,32.3036700245113,0.931643235795865
32,33.0880064426824,0.954304039646772
33,33.6875655996026,0.971626316334709
34,34.193683812456,0.9862489263285
35,34.6696363841508,1
36,34.66963638,1
37,34.66963638,1
38,34.66963638,1
39,34.66963638,1
40,34.66963638,1
41,34.66963638,1
42,34.66963638,1
43,34.66963638,1
44,34.66963638,1
45,34.66963638,1
46,34.66963638,1
47,34.66963638,1
48,34.66963638,1
49,34.66963638,1
50,34.66963638,1
51,34.66963638,1
52,34.66963638,1
53,34.66963638,1
54,34.66963638,1
55,34.66963638,1
56,34.66963638,1
57,34.66963638,1
58,34.66963638,1
59,34.66963638,1
60,34.66963638,1
